{
  "$schema": "http://schema.management.azure.com/schemas/2015-01-01-preview/deploymentTemplate.json",
  "contentVersion": "1.0.0.0",
  "parameters": {
    "vmSku": {
      "type": "string",
      "defaultValue": "Standard_A1",
      "metadata": {
        "description": "Size of VMs in the VM Scale Set."
      }
    },
    "ubuntuOSVersion": {
      "type": "string",
      "defaultValue": "14.04.4-LTS",
      "allowedValues": [
        "15.10",
        "14.04.4-LTS"
      ],
      "metadata": {
        "description": "The Ubuntu version for the VM. This will pick a fully patched image of this given Ubuntu version. Allowed values are: 15.10, 14.04.4-LTS."
      }
    },
    "vmssName": {
      "type": "string",
      "metadata": {
        "description": "String used as a base for naming resources (9 characters or less). A hash is prepended to this string for some resources, and resource-specific information is appended."
      },
      "maxLength": 61
    },
    "instanceCount": {
      "type": "int",
      "metadata": {
        "description": "Number of VM instances (100 or less)."
      },
      "maxValue": 100
    },
    "adminUsername": {
      "type": "string",
      "metadata": {
        "description": "Admin username on all VMs."
      }
    },
    "adminPassword": {
      "type": "securestring",
      "metadata": {
        "description": "Admin password on all VMs."
      }
    }
  },
  "variables": {
    "namingInfix": "[toLower(substring(concat(parameters('vmssName'), uniqueString(resourceGroup().id)), 0, 9))]",
    "longNamingInfix": "[toLower(parameters('vmssName'))]",
    "jumpBoxName": "[concat(variables('namingInfix'), 'jbox')]",
    "jumpBoxSAName": "[concat(uniqueString(concat(resourceGroup().id, variables('newStorageAccountSuffix'), 'jumpboxsa')), 'jb')]",
    "jumpBoxOSDiskName": "[concat(variables('jumpBoxName'), 'osdisk')]",
    "jumpBoxVHDContainerName": "[concat(variables('jumpBoxName'), 'vhd')]",
    "jumpBoxIPConfigName": "[concat(variables('jumpBoxName'), 'ipconfig')]",
    "jumpBoxNicName": "[concat(variables('jumpBoxName'), 'nic')]",
    "storageAccountType": "Standard_LRS",
    "newStorageAccountSuffix": "[concat(variables('namingInfix'), 'sa')]",
    "uniqueStringArray": [
      "[concat(uniqueString(concat(resourceGroup().id, variables('newStorageAccountSuffix'), '0')))]",
      "[concat(uniqueString(concat(resourceGroup().id, variables('newStorageAccountSuffix'), '1')))]",
      "[concat(uniqueString(concat(resourceGroup().id, variables('newStorageAccountSuffix'), '2')))]",
      "[concat(uniqueString(concat(resourceGroup().id, variables('newStorageAccountSuffix'), '3')))]",
      "[concat(uniqueString(concat(resourceGroup().id, variables('newStorageAccountSuffix'), '4')))]"
    ],
    "saCount": "[length(variables('uniqueStringArray'))]",
    "vhdContainerName": "[concat(variables('namingInfix'), 'vhd')]",
    "osDiskName": "[concat(variables('namingInfix'), 'osdisk')]",
    "addressPrefix": "10.0.0.0/16",
    "subnetPrefix": "10.0.0.0/24",
    "virtualNetworkName": "[concat(variables('namingInfix'), 'vnet')]",
    "vnetID": "[resourceId('Microsoft.Network/virtualNetworks',variables('virtualNetworkName'))]",
    "subnetName": "[concat(variables('namingInfix'), 'subnet')]",
    "subnetRef": "[concat(variables('vnetID'),'/subnets/',variables('subnetName'))]",
    "publicIPAddressName": "[concat(variables('namingInfix'), 'pip')]",
    "jumpboxName": "[concat(variables('namingInfix'), 'vm')]",
    "loadBalancerName": "[concat(variables('namingInfix'), 'lb')]",
    "publicIPAddressID": "[resourceId('Microsoft.Network/publicIPAddresses',variables('publicIPAddressName'))]",
    "lbID": "[resourceId('Microsoft.Network/loadBalancers',variables('loadBalancerName'))]",
    "natPoolName": "[concat(variables('namingInfix'), 'natpool')]",
    "bePoolName": "[concat(variables('namingInfix'), 'bepool')]",
    "natStartPort": 50000,
    "natEndPort": 50119,
    "natBackendPort": 22,
    "nicName": "[concat(variables('namingInfix'), 'nic')]",
    "ipConfigName": "[concat(variables('namingInfix'), 'ipconfig')]",
    "frontEndIPConfigID": "[concat(variables('lbID'),'/frontendIPConfigurations/loadBalancerFrontEnd')]",
    "osType": {
      "publisher": "Canonical",
      "offer": "UbuntuServer",
      "sku": "[parameters('ubuntuOSVersion')]",
      "version": "latest"
    },
    "imageReference": "[variables('osType')]",
    "computeApiVersion": "2016-03-30",
    "networkApiVersion": "2016-03-30",
    "storageApiVersion": "2015-06-15"
  },
  "resources": [
    {
      "type": "Microsoft.Network/virtualNetworks",
      "name": "[variables('virtualNetworkName')]",
      "location": "[resourceGroup().location]",
      "apiVersion": "[variables('networkApiVersion')]",
      "properties": {
        "addressSpace": {
          "addressPrefixes": [
            "[variables('addressPrefix')]"
          ]
        },
        "subnets": [
          {
            "name": "[variables('subnetName')]",
            "properties": {
              "addressPrefix": "[variables('subnetPrefix')]"
            }
          }
        ]
      }
    },
    {
      "type": "Microsoft.Storage/storageAccounts",
      "name": "[variables('jumpBoxSAName')]",
      "location": "[resourceGroup().location]",
      "apiVersion": "[variables('storageApiVersion')]",
      "properties": {
        "accountType": "[variables('storageAccountType')]"
      }
    },
    {
      "type": "Microsoft.Storage/storageAccounts",
      "name": "[concat(variables('uniqueStringArray')[copyIndex()], variables('newStorageAccountSuffix'))]",
      "location": "[resourceGroup().location]",
      "apiVersion": "[variables('storageApiVersion')]",
      "copy": {
        "name": "storageLoop",
        "count": "[variables('saCount')]"
      },
      "properties": {
        "accountType": "[variables('storageAccountType')]"
      }
    },
    {
      "type": "Microsoft.Network/networkInterfaces",
      "name": "[variables('jumpBoxNicName')]",
      "location": "[resourceGroup().location]",
      "apiVersion": "[variables('networkApiVersion')]",
      "dependsOn": [
        "[concat('Microsoft.Network/publicIPAddresses/', variables('publicIPAddressName'))]",
        "[concat('Microsoft.Network/virtualNetworks/', variables('virtualNetworkName'))]"
      ],
      "properties": {
        "ipConfigurations": [
          {
            "name": "[variables('jumpBoxIPConfigName')]",
            "properties": {
              "privateIPAllocationMethod": "Dynamic",
              "publicIPAddress": {
                "id": "[resourceId('Microsoft.Network/publicIPAddresses',variables('publicIPAddressName'))]"
              },
              "subnet": {
                "id": "[variables('subnetRef')]"
              }
            }
          }
        ]
      }
    },
    {
      "type": "Microsoft.Network/publicIPAddresses",
      "name": "[variables('publicIPAddressName')]",
      "location": "[resourceGroup().location]",
      "apiVersion": "[variables('networkApiVersion')]",
      "properties": {
        "publicIPAllocationMethod": "Dynamic",
        "dnsSettings": {
          "domainNameLabel": "[variables('longNamingInfix')]"
        }
      }
    },
    {
      "type": "Microsoft.Compute/virtualMachines",
      "name": "[variables('jumpBoxName')]",
      "location": "[resourceGroup().location]",
      "apiVersion": "[variables('computeApiVersion')]",
      "dependsOn": [
        "[concat('Microsoft.Storage/storageAccounts/', variables('jumpBoxSAName'))]",
        "[concat('Microsoft.Network/networkInterfaces/', variables('jumpBoxNicName'))]"
      ],
      "properties": {
        "hardwareProfile": {
          "vmSize": "[parameters('vmSku')]"
        },
        "osProfile": {
          "computerName": "[variables('jumpBoxName')]",
          "adminUsername": "[parameters('adminUsername')]",
          "adminPassword": "[parameters('adminPassword')]"
        },
        "storageProfile": {
          "imageReference": "[variables('imageReference')]",
          "osDisk": {
            "name": "[variables('jumpBoxOSDiskName')]",
            "vhd": {
              "uri": "[concat('http://',variables('jumpBoxSAName'),'.blob.core.chinacloudapi.cn/',variables('jumpBoxVHDContainerName'),'/',variables('jumpBoxOSDiskName'),'.vhd')]"
            },
            "caching": "ReadWrite",
            "createOption": "FromImage"
          }
        },
        "networkProfile": {
          "networkInterfaces": [
            {
              "id": "[resourceId('Microsoft.Network/networkInterfaces',variables('jumpBoxNicName'))]"
            }
          ]
        },
        "diagnosticsProfile": {
          "bootDiagnostics": {
            "enabled": "true",
            "storageUri": "[concat('http://',variables('jumpBoxSAName'),'.blob.core.chinacloudapi.cn')]"
          }
        }
      }
    },
    {
      "type": "Microsoft.Network/loadBalancers",
      "name": "[variables('loadBalancerName')]",
      "location": "[resourceGroup().location]",
      "apiVersion": "[variables('networkApiVersion')]",
      "dependsOn": [
        "[concat('Microsoft.Network/virtualNetworks/', variables('virtualNetworkName'))]"
      ],
      "properties": {
        "frontendIPConfigurations": [
          {
            "name": "LoadBalancerFrontEnd",
            "properties": {
              "subnet": {
                "id": "[variables('subnetRef')]"
              }
            }
          }
        ],
        "backendAddressPools": [
          {
            "name": "[variables('bePoolName')]"
          }
        ],
        "inboundNatPools": [
          {
            "name": "[variables('natPoolName')]",
            "properties": {
              "frontendIPConfiguration": {
                "id": "[variables('frontEndIPConfigID')]"
              },
              "protocol": "tcp",
              "frontendPortRangeStart": "[variables('natStartPort')]",
              "frontendPortRangeEnd": "[variables('natEndPort')]",
              "backendPort": "[variables('natBackendPort')]"
            }
          }
        ]
      }
    },
    {
      "type": "Microsoft.Compute/virtualMachineScaleSets",
      "name": "[variables('namingInfix')]",
      "location": "[resourceGroup().location]",
      "apiVersion": "[variables('computeApiVersion')]",
      "dependsOn": [
        "storageLoop",
        "[concat('Microsoft.Network/virtualNetworks/', variables('virtualNetworkName'))]"
      ],
      "sku": {
        "name": "[parameters('vmSku')]",
        "tier": "Standard",
        "capacity": "[parameters('instanceCount')]"
      },
      "properties": {
        "overprovision": "true",
        "upgradePolicy": {
          "mode": "Manual"
        },
        "virtualMachineProfile": {
          "storageProfile": {
            "osDisk": {
              "vhdContainers": [
                "[concat('https://', variables('uniqueStringArray')[0], variables('newStorageAccountSuffix'), '.blob.core.chinacloudapi.cn/', variables('vhdContainerName'))]",
                "[concat('https://', variables('uniqueStringArray')[1], variables('newStorageAccountSuffix'), '.blob.core.chinacloudapi.cn/', variables('vhdContainerName'))]",
                "[concat('https://', variables('uniqueStringArray')[2], variables('newStorageAccountSuffix'), '.blob.core.chinacloudapi.cn/', variables('vhdContainerName'))]",
                "[concat('https://', variables('uniqueStringArray')[3], variables('newStorageAccountSuffix'), '.blob.core.chinacloudapi.cn/', variables('vhdContainerName'))]",
                "[concat('https://', variables('uniqueStringArray')[4], variables('newStorageAccountSuffix'), '.blob.core.chinacloudapi.cn/', variables('vhdContainerName'))]"
              ],
              "name": "[variables('osDiskName')]",
              "caching": "ReadOnly",
              "createOption": "FromImage"
            },
            "imageReference": "[variables('imageReference')]"
          },
          "osProfile": {
            "computerNamePrefix": "[variables('namingInfix')]",
            "adminUsername": "[parameters('adminUsername')]",
            "adminPassword": "[parameters('adminPassword')]"
          },
          "networkProfile": {
            "networkInterfaceConfigurations": [
              {
                "name": "[variables('nicName')]",
                "properties": {
                  "primary": "true",
                  "ipConfigurations": [
                    {
                      "name": "[variables('ipConfigName')]",
                      "properties": {
                        "subnet": {
                          "id": "[concat('/subscriptions/', subscription().subscriptionId,'/resourceGroups/', resourceGroup().name, '/providers/Microsoft.Network/virtualNetworks/', variables('virtualNetworkName'), '/subnets/', variables('subnetName'))]"
                        },
                        "loadBalancerBackendAddressPools": [
                          {
                            "id": "[concat('/subscriptions/', subscription().subscriptionId,'/resourceGroups/', resourceGroup().name, '/providers/Microsoft.Network/loadBalancers/', variables('loadBalancerName'), '/backendAddressPools/', variables('bePoolName'))]"
                          }
                        ],
                        "loadBalancerInboundNatPools": [
                          {
                            "id": "[concat('/subscriptions/', subscription().subscriptionId,'/resourceGroups/', resourceGroup().name, '/providers/Microsoft.Network/loadBalancers/', variables('loadBalancerName'), '/inboundNatPools/', variables('natPoolName'))]"
                          }
                        ]
                      }
                    }
                  ]
                }
              }
            ]
          }
        }
      }
    }
  ]
}
