{
  "itemDisplayName": "Deploy a VM Scale Set with Linux VMs behind ILB",
  "description": "This template allows you to deploy a VM Scale Set of Linux VMs using the latest patched version of Ubuntu Linux 15.10 or 14.04.4-LTS. These VMs are behind an internal load balancer with NAT rules for ssh connections.",
  "summary": "This template deploys a VM Scale Set of Linux VMs behind an internal load balancer with NAT rules for ssh connections.",
  "githubUsername": "gatneil",
  "dateUpdated": "2016-04-04"
}
