{
  "$schema": "http://schema.management.azure.com/schemas/2015-01-01-preview/deploymentTemplate.json",
  "contentVersion": "1.0.0.0",
  "parameters": {
    "vmSku": {
      "type": "string",
      "defaultValue": "Standard_A1",
      "metadata": {
        "description": "Size of VMs in the VM Scale Set."
      }
    },
    "windowsOSVersion": {
      "type": "string",
      "defaultValue": "2012-R2-Datacenter",
      "allowedValues": [
        "2008-R2-SP1",
        "2012-Datacenter",
        "2012-R2-Datacenter"
      ],
      "metadata": {
        "description": "The Windows version for the VM. This will pick a fully patched image of this given Windows version. Allowed values: 2008-R2-SP1, 2012-Datacenter, 2012-R2-Datacenter."
      }
    },
    "vmssName":{
      "type":"string",
      "metadata":{
        "description":"String used as a base for naming resources. Must be 3-61 characters in length and globally unique across Azure. A hash is prepended to this string for some resources, and resource-specific information is appended."
      },
      "maxLength": 61
    },
    "instanceCount": {
      "type": "int",
      "metadata": {
        "description": "Number of VM instances (100 or less)."
      },
      "maxValue": 100
    },
    "adminUsername": {
      "type": "string",
      "metadata": {
        "description": "Admin username on all VMs."
      }
    },
    "adminPassword": {
      "type": "securestring",
      "metadata": {
        "description": "Admin password on all VMs."
      }
    }
  },
  "variables": {
    "storageAccountType": "Standard_LRS",
    "namingInfix": "[toLower(substring(concat(parameters('vmssName'), uniqueString(resourceGroup().id)), 0, 9))]",
    "longNamingInfix": "[toLower(parameters('vmssName'))]",
    "newStorageAccountSuffix": "[concat(variables('namingInfix'), 'sa')]",
    "uniqueStringArray": [
      "[concat(uniqueString(concat(resourceGroup().id, variables('newStorageAccountSuffix'), '0')))]",
      "[concat(uniqueString(concat(resourceGroup().id, variables('newStorageAccountSuffix'), '1')))]",
      "[concat(uniqueString(concat(resourceGroup().id, variables('newStorageAccountSuffix'), '2')))]",
      "[concat(uniqueString(concat(resourceGroup().id, variables('newStorageAccountSuffix'), '3')))]",
      "[concat(uniqueString(concat(resourceGroup().id, variables('newStorageAccountSuffix'), '4')))]"
    ],
    "saCount": "[length(variables('uniqueStringArray'))]",
    "vhdContainerName": "[concat(variables('namingInfix'), 'vhd')]",
    "osDiskName": "[concat(variables('namingInfix'), 'osdisk')]",
    "addressPrefix": "10.0.0.0/16",
    "subnetPrefix": "10.0.0.0/24",
    "virtualNetworkName": "[concat(variables('namingInfix'), 'vnet')]",
    "publicIPAddressName": "[concat(variables('namingInfix'), 'pip')]",
    "subnetName": "[concat(variables('namingInfix'), 'subnet')]",
    "loadBalancerName": "[concat(variables('namingInfix'), 'lb')]",
    "publicIPAddressID": "[resourceId('Microsoft.Network/publicIPAddresses',variables('publicIPAddressName'))]",
    "lbID": "[resourceId('Microsoft.Network/loadBalancers',variables('loadBalancerName'))]",
    "natPoolName": "[concat(variables('namingInfix'), 'natpool')]",
    "bePoolName": "[concat(variables('namingInfix'), 'bepool')]",
    "natStartPort": 50000,
    "natEndPort": 50119,
    "natBackendPort": 3389,
    "nicName": "[concat(variables('namingInfix'), 'nic')]",
    "ipConfigName": "[concat(variables('namingInfix'), 'ipconfig')]",
    "frontEndIPConfigID": "[concat(variables('lbID'),'/frontendIPConfigurations/loadBalancerFrontEnd')]",
    "osType": {
      "publisher": "MicrosoftWindowsServer",
      "offer": "WindowsServer",
      "sku": "[parameters('windowsOSVersion')]",
      "version": "latest"
    },
    "imageReference": "[variables('osType')]",
    "diagnosticsStorageAccountName": "[concat(uniqueString(concat(resourceGroup().id, variables('newStorageAccountSuffix'))), variables('newStorageAccountSuffix'))]",
    "diagnosticsStorageAccountResourceGroup": "[resourceGroup().name]",
    "accountid": "[concat('/subscriptions/',subscription().subscriptionId,'/resourceGroups/',variables('diagnosticsStorageAccountResourceGroup'),'/providers/','Microsoft.Storage/storageAccounts/', variables('diagnosticsStorageAccountName'))]",
    "wadlogs": "<WadCfg> <DiagnosticMonitorConfiguration overallQuotaInMB=\"4096\" xmlns=\"http://schemas.microsoft.com/ServiceHosting/2010/10/DiagnosticsConfiguration\"> <DiagnosticInfrastructureLogs scheduledTransferLogLevelFilter=\"Error\"/> <WindowsEventLog scheduledTransferPeriod=\"PT1M\" > <DataSource name=\"Application!*[System[(Level = 1 or Level = 2)]]\" /> <DataSource name=\"Security!*[System[(Level = 1 or Level = 2)]]\" /> <DataSource name=\"System!*[System[(Level = 1 or Level = 2)]]\" /></WindowsEventLog>",
    "wadperfcounters1": "<PerformanceCounters scheduledTransferPeriod=\"PT1M\"><PerformanceCounterConfiguration counterSpecifier=\"\\Processor(_Total)\\% Processor Time\" sampleRate=\"PT15S\" unit=\"Percent\"><annotation displayName=\"CPU utilization\" locale=\"en-us\"/></PerformanceCounterConfiguration><PerformanceCounterConfiguration counterSpecifier=\"\\Processor(_Total)\\% Privileged Time\" sampleRate=\"PT15S\" unit=\"Percent\"><annotation displayName=\"CPU privileged time\" locale=\"en-us\"/></PerformanceCounterConfiguration><PerformanceCounterConfiguration counterSpecifier=\"\\Processor(_Total)\\% User Time\" sampleRate=\"PT15S\" unit=\"Percent\"><annotation displayName=\"CPU user time\" locale=\"en-us\"/></PerformanceCounterConfiguration><PerformanceCounterConfiguration counterSpecifier=\"\\Processor Information(_Total)\\Processor Frequency\" sampleRate=\"PT15S\" unit=\"Count\"><annotation displayName=\"CPU frequency\" locale=\"en-us\"/></PerformanceCounterConfiguration><PerformanceCounterConfiguration counterSpecifier=\"\\System\\Processes\" sampleRate=\"PT15S\" unit=\"Count\"><annotation displayName=\"Processes\" locale=\"en-us\"/></PerformanceCounterConfiguration><PerformanceCounterConfiguration counterSpecifier=\"\\Process(_Total)\\Thread Count\" sampleRate=\"PT15S\" unit=\"Count\"><annotation displayName=\"Threads\" locale=\"en-us\"/></PerformanceCounterConfiguration><PerformanceCounterConfiguration counterSpecifier=\"\\Process(_Total)\\Handle Count\" sampleRate=\"PT15S\" unit=\"Count\"><annotation displayName=\"Handles\" locale=\"en-us\"/></PerformanceCounterConfiguration><PerformanceCounterConfiguration counterSpecifier=\"\\Memory\\% Committed Bytes In Use\" sampleRate=\"PT15S\" unit=\"Percent\"><annotation displayName=\"Memory usage\" locale=\"en-us\"/></PerformanceCounterConfiguration><PerformanceCounterConfiguration counterSpecifier=\"\\Memory\\Available Bytes\" sampleRate=\"PT15S\" unit=\"Bytes\"><annotation displayName=\"Memory available\" locale=\"en-us\"/></PerformanceCounterConfiguration><PerformanceCounterConfiguration counterSpecifier=\"\\Memory\\Committed Bytes\" sampleRate=\"PT15S\" unit=\"Bytes\"><annotation displayName=\"Memory committed\" locale=\"en-us\"/></PerformanceCounterConfiguration><PerformanceCounterConfiguration counterSpecifier=\"\\Memory\\Commit Limit\" sampleRate=\"PT15S\" unit=\"Bytes\"><annotation displayName=\"Memory commit limit\" locale=\"en-us\"/></PerformanceCounterConfiguration><PerformanceCounterConfiguration counterSpecifier=\"\\PhysicalDisk(_Total)\\% Disk Time\" sampleRate=\"PT15S\" unit=\"Percent\"><annotation displayName=\"Disk active time\" locale=\"en-us\"/></PerformanceCounterConfiguration>",
    "wadperfcounters2": "<PerformanceCounterConfiguration counterSpecifier=\"\\PhysicalDisk(_Total)\\% Disk Read Time\" sampleRate=\"PT15S\" unit=\"Percent\"><annotation displayName=\"Disk active read time\" locale=\"en-us\"/></PerformanceCounterConfiguration><PerformanceCounterConfiguration counterSpecifier=\"\\PhysicalDisk(_Total)\\% Disk Write Time\" sampleRate=\"PT15S\" unit=\"Percent\"><annotation displayName=\"Disk active write time\" locale=\"en-us\"/></PerformanceCounterConfiguration><PerformanceCounterConfiguration counterSpecifier=\"\\PhysicalDisk(_Total)\\Disk Transfers/sec\" sampleRate=\"PT15S\" unit=\"CountPerSecond\"><annotation displayName=\"Disk operations\" locale=\"en-us\"/></PerformanceCounterConfiguration><PerformanceCounterConfiguration counterSpecifier=\"\\PhysicalDisk(_Total)\\Disk Reads/sec\" sampleRate=\"PT15S\" unit=\"CountPerSecond\"><annotation displayName=\"Disk read operations\" locale=\"en-us\"/></PerformanceCounterConfiguration><PerformanceCounterConfiguration counterSpecifier=\"\\PhysicalDisk(_Total)\\Disk Writes/sec\" sampleRate=\"PT15S\" unit=\"CountPerSecond\"><annotation displayName=\"Disk write operations\" locale=\"en-us\"/></PerformanceCounterConfiguration><PerformanceCounterConfiguration counterSpecifier=\"\\PhysicalDisk(_Total)\\Disk Bytes/sec\" sampleRate=\"PT15S\" unit=\"BytesPerSecond\"><annotation displayName=\"Disk speed\" locale=\"en-us\"/></PerformanceCounterConfiguration><PerformanceCounterConfiguration counterSpecifier=\"\\PhysicalDisk(_Total)\\Disk Read Bytes/sec\" sampleRate=\"PT15S\" unit=\"BytesPerSecond\"><annotation displayName=\"Disk read speed\" locale=\"en-us\"/></PerformanceCounterConfiguration><PerformanceCounterConfiguration counterSpecifier=\"\\PhysicalDisk(_Total)\\Disk Write Bytes/sec\" sampleRate=\"PT15S\" unit=\"BytesPerSecond\"><annotation displayName=\"Disk write speed\" locale=\"en-us\"/></PerformanceCounterConfiguration><PerformanceCounterConfiguration counterSpecifier=\"\\LogicalDisk(_Total)\\% Free Space\" sampleRate=\"PT15S\" unit=\"Percent\"><annotation displayName=\"Disk free space (percentage)\" locale=\"en-us\"/></PerformanceCounterConfiguration></PerformanceCounters>",
    "wadcfgxstart": "[concat(variables('wadlogs'),variables('wadperfcounters1'),variables('wadperfcounters2'),'<Metrics resourceId=\"')]",
    "wadmetricsresourceid": "[concat('/subscriptions/',subscription().subscriptionId,'/resourceGroups/',resourceGroup().name ,'/providers/','Microsoft.Compute/virtualMachineScaleSets/',variables('namingInfix'))]",
    "wadcfgxend": "[concat('\"><MetricAggregation scheduledTransferPeriod=\"PT1H\"/><MetricAggregation scheduledTransferPeriod=\"PT1M\"/></Metrics></DiagnosticMonitorConfiguration></WadCfg>')]",
    "computeApiVersion": "2016-03-30",
    "networkApiVersion": "2016-03-30",
    "storageApiVersion": "2015-06-15",
    "insightsApiVersion": "2015-04-01"
  },
  "resources": [
    {
      "type": "Microsoft.Network/virtualNetworks",
      "name": "[variables('virtualNetworkName')]",
      "location": "[resourceGroup().location]",
      "apiVersion": "[variables('networkApiVersion')]",
      "properties": {
        "addressSpace": {
          "addressPrefixes": [
            "[variables('addressPrefix')]"
          ]
        },
        "subnets": [
          {
            "name": "[variables('subnetName')]",
            "properties": {
              "addressPrefix": "[variables('subnetPrefix')]"
            }
          }
        ]
      }
    },
    {
      "type": "Microsoft.Storage/storageAccounts",
      "name": "[concat(variables('uniqueStringArray')[copyIndex()], variables('newStorageAccountSuffix'))]",
      "location": "[resourceGroup().location]",
      "apiVersion": "[variables('storageApiVersion')]",
      "copy": {
        "name": "storageLoop",
        "count": "[variables('saCount')]"
      },
      "properties": {
        "accountType": "[variables('storageAccountType')]"
      }
    },
    {
      "type": "Microsoft.Storage/storageAccounts",
      "name": "[variables('diagnosticsStorageAccountName')]",
      "location": "[resourceGroup().location]",
      "apiVersion": "[variables('storageApiVersion')]",
      "properties": {
        "accountType": "[variables('storageAccountType')]"
      }
    },
    {
      "type": "Microsoft.Network/publicIPAddresses",
      "name": "[variables('publicIPAddressName')]",
      "location": "[resourceGroup().location]",
      "apiVersion": "[variables('networkApiVersion')]",
      "properties": {
        "publicIPAllocationMethod": "Dynamic",
        "dnsSettings": {
          "domainNameLabel": "[variables('longNamingInfix')]"
        }
      }
    },
    {
      "type": "Microsoft.Network/loadBalancers",
      "name": "[variables('loadBalancerName')]",
      "location": "[resourceGroup().location]",
      "apiVersion": "[variables('networkApiVersion')]",
      "dependsOn": [
        "[concat('Microsoft.Network/publicIPAddresses/', variables('publicIPAddressName'))]"
      ],
      "properties": {
        "frontendIPConfigurations": [
          {
            "name": "LoadBalancerFrontEnd",
            "properties": {
              "publicIPAddress": {
                "id": "[variables('publicIPAddressID')]"
              }
            }
          }
        ],
        "backendAddressPools": [
          {
            "name": "[variables('bePoolName')]"
          }
        ],
        "inboundNatPools": [
          {
            "name": "[variables('natPoolName')]",
            "properties": {
              "frontendIPConfiguration": {
                "id": "[variables('frontEndIPConfigID')]"
              },
              "protocol": "tcp",
              "frontendPortRangeStart": "[variables('natStartPort')]",
              "frontendPortRangeEnd": "[variables('natEndPort')]",
              "backendPort": "[variables('natBackendPort')]"
            }
          }
        ]
      }
    },
    {
      "type": "Microsoft.Compute/virtualMachineScaleSets",
      "name": "[variables('namingInfix')]",
      "location": "[resourceGroup().location]",
      "apiVersion": "[variables('computeApiVersion')]",
      "dependsOn": [
        "storageLoop",
        "[concat('Microsoft.Storage/storageAccounts/', variables('diagnosticsStorageAccountName'))]",
        "[concat('Microsoft.Network/loadBalancers/', variables('loadBalancerName'))]",
        "[concat('Microsoft.Network/virtualNetworks/', variables('virtualNetworkName'))]"
      ],
      "sku": {
        "name": "[parameters('vmSku')]",
        "tier": "Standard",
        "capacity": "[parameters('instanceCount')]"
      },
      "properties": {
        "overprovision": "true",
        "upgradePolicy": {
          "mode": "Manual"
        },
        "virtualMachineProfile": {
          "storageProfile": {
            "osDisk": {
              "vhdContainers": [
                "[concat('https://', variables('uniqueStringArray')[0], variables('newStorageAccountSuffix'), '.blob.core.chinacloudapi.cn/', variables('vhdContainerName'))]",
                "[concat('https://', variables('uniqueStringArray')[1], variables('newStorageAccountSuffix'), '.blob.core.chinacloudapi.cn/', variables('vhdContainerName'))]",
                "[concat('https://', variables('uniqueStringArray')[2], variables('newStorageAccountSuffix'), '.blob.core.chinacloudapi.cn/', variables('vhdContainerName'))]",
                "[concat('https://', variables('uniqueStringArray')[3], variables('newStorageAccountSuffix'), '.blob.core.chinacloudapi.cn/', variables('vhdContainerName'))]",
                "[concat('https://', variables('uniqueStringArray')[4], variables('newStorageAccountSuffix'), '.blob.core.chinacloudapi.cn/', variables('vhdContainerName'))]"
              ],
              "name": "[variables('osDiskName')]",
              "caching": "ReadOnly",
              "createOption": "FromImage"
            },
            "imageReference": "[variables('imageReference')]"
          },
          "osProfile": {
            "computerNamePrefix": "[variables('namingInfix')]",
            "adminUsername": "[parameters('adminUsername')]",
            "adminPassword": "[parameters('adminPassword')]"
          },
          "networkProfile": {
            "networkInterfaceConfigurations": [
              {
                "name": "[variables('nicName')]",
                "properties": {
                  "primary": "true",
                  "ipConfigurations": [
                    {
                      "name": "[variables('ipConfigName')]",
                      "properties": {
                        "subnet": {
                          "id": "[concat('/subscriptions/', subscription().subscriptionId,'/resourceGroups/', resourceGroup().name, '/providers/Microsoft.Network/virtualNetworks/', variables('virtualNetworkName'), '/subnets/', variables('subnetName'))]"
                        },
                        "loadBalancerBackendAddressPools": [
                          {
                            "id": "[concat('/subscriptions/', subscription().subscriptionId,'/resourceGroups/', resourceGroup().name, '/providers/Microsoft.Network/loadBalancers/', variables('loadBalancerName'), '/backendAddressPools/', variables('bePoolName'))]"
                          }
                        ],
                        "loadBalancerInboundNatPools": [
                          {
                            "id": "[concat('/subscriptions/', subscription().subscriptionId,'/resourceGroups/', resourceGroup().name, '/providers/Microsoft.Network/loadBalancers/', variables('loadBalancerName'), '/inboundNatPools/', variables('natPoolName'))]"
                          }
                        ]
                      }
                    }
                  ]
                }
              }
            ]
          },
          "extensionProfile": {
            "extensions": [
              {
                "name": "Microsoft.Insights.VMDiagnosticsSettings",
                "properties": {
                  "publisher": "Microsoft.Azure.Diagnostics",
                  "type": "IaaSDiagnostics",
                  "typeHandlerVersion": "1.5",
                  "autoUpgradeMinorVersion": true,
                  "settings": {
                    "xmlCfg": "[base64(concat(variables('wadcfgxstart'),variables('wadmetricsresourceid'),variables('wadcfgxend')))]",
                    "storageAccount": "[variables('diagnosticsStorageAccountName')]"
                  },
                  "protectedSettings": {
                    "storageAccountName": "[variables('diagnosticsStorageAccountName')]",
                    "storageAccountKey": "[listkeys(variables('accountid'), variables('storageApiVersion')).key1]",
                    "storageAccountEndPoint": "https://core.windows.net"
                  }
                }
              }
            ]
          }
        }
      }
    },
    {
      "type": "Microsoft.Insights/autoscaleSettings",
      "apiVersion": "[variables('insightsApiVersion')]",
      "name": "autoscalewad",
      "location": "[resourceGroup().location]",
      "dependsOn": [
        "[concat('Microsoft.Compute/virtualMachineScaleSets/', variables('namingInfix'))]"
      ],
      "properties": {
        "name": "autoscalewad",
        "targetResourceUri": "[concat('/subscriptions/',subscription().subscriptionId, '/resourceGroups/',  resourceGroup().name, '/providers/Microsoft.Compute/virtualMachineScaleSets/', variables('namingInfix'))]",
        "enabled": true,
        "profiles": [
          {
            "name": "Profile1",
            "capacity": {
              "minimum": "1",
              "maximum": "10",
              "default": "1"
            },
            "rules": [
              {
                "metricTrigger": {
                  "metricName": "\\Processor(_Total)\\% Processor Time",
                  "metricNamespace": "",
                  "metricResourceUri": "[concat('/subscriptions/',subscription().subscriptionId, '/resourceGroups/',  resourceGroup().name, '/providers/Microsoft.Compute/virtualMachineScaleSets/', variables('namingInfix'))]",
                  "timeGrain": "PT1M",
                  "statistic": "Average",
                  "timeWindow": "PT5M",
                  "timeAggregation": "Average",
                  "operator": "GreaterThan",
                  "threshold": 50.0
                },
                "scaleAction": {
                  "direction": "Increase",
                  "type": "ChangeCount",
                  "value": "1",
                  "cooldown": "PT5M"
                }
              },
              {
                "metricTrigger": {
                  "metricName": "\\Processor(_Total)\\% Processor Time",
                  "metricNamespace": "",
                  "metricResourceUri": "[concat('/subscriptions/',subscription().subscriptionId, '/resourceGroups/',  resourceGroup().name, '/providers/Microsoft.Compute/virtualMachineScaleSets/', variables('namingInfix'))]",
                  "timeGrain": "PT1M",
                  "statistic": "Average",
                  "timeWindow": "PT5M",
                  "timeAggregation": "Average",
                  "operator": "LessThan",
                  "threshold": 30.0
                },
                "scaleAction": {
                  "direction": "Decrease",
                  "type": "ChangeCount",
                  "value": "1",
                  "cooldown": "PT5M"
                }
              }
            ]
          }
        ]
      }
    }
  ]
}
