{
  "itemDisplayName": "Deploy a VM Scale Set with Windows VMs and Auto Scale",
  "description": "This template allows you to deploy a simple VM Scale Set of Windows VMs using the latest patched version of Windows 2008-R2-SP1, 2012-Datacenter, or 2012-R2-Datacenter. These VMs are behind a load balancer with NAT rules for RDP connections. They also have Auto Scale integrated",
  "summary": "This template deploys a VM Scale Set of Windows VMs behind a load balancer with NAT rules for RDP connections and Auto scale integrated",
  "githubUsername": "gatneil",
  "dateUpdated": "2015-12-31"
}
