{
  "$schema":"http://schema.management.azure.com/schemas/2015-01-01-preview/deploymentTemplate.json",
  "contentVersion":"1.0.0.0",
  "parameters":{
    "existingVMSSName":{
      "type":"string",
      "metadata":{
        "description":"Name of existing VM Scale Set"
      }
    },
    "newCapacity":{
      "type":"int",
      "metadata":{
        "description":"Number of desired VM instances"
      }
    },
    "vmSku": {
      "type": "string",
      "defaultValue": "Standard_D1_v2",
      "metadata": {
        "description": "Size of VMs in the VM Scale Set."
      }
    }
  },
  "resources":[
    {
      "type":"Microsoft.Compute/virtualMachineScaleSets",
      "apiVersion":"2016-03-30",
      "name":"[parameters('existingVMSSName')]",
      "location":"[resourceGroup().location]",
      "sku":{
        "name":"[parameters('vmSku')]",
        "tier":"Standard",
        "capacity":"[parameters('newCapacity')]"
      }
    }
  ]
}
