{
  "$schema": "http://schema.management.azure.com/schemas/2015-01-01/deploymentParameters.json#",
  "contentVersion": "1.0.0.0",
  "parameters": {
    "resourceLocation": {
      "value": "West US"
    },
    "vmSku": {
      "value": "Standard_A1"
    },
    "ubuntuOSVersion": {
      "value": "15.10"
    },
    "vmssName": {
      "value": "GEN-UNIQUE-32"
    },
    "instanceCount": {
      "value": 5
    },
    "adminUsername": {
      "value": "ubuntu"
    },
    "adminPassword": {
      "value": "GEN-PASSWORD"
    }
  }
}
