{
    "$schema": "http://schema.management.azure.com/schemas/2015-01-01/deploymentParameters.json#",
    "contentVersion": "1.0.0.0",
    "parameters": {
        "domainNamePrefix": {
            "value": "GEN-UNIQUE-4"
        },
        "resourceLocation": {
            "value": "East US 2"
        },
        "vmssName": {
            "value": "GEN-UNIQUE-7"
        },
        "adminUsername": {
            "value": "GEN-UNIQUE-6"
        },
        "adminPassword": {
            "value": "GEN-PASSWORD"
        },
        "registrationKey": {
            "value": "changeMe_AzureAutomationRegistrationKey"
        },
        "registrationUrl": {
            "value": "changeMe_AzureAutomationRegistrationUrl"
        },
        "jobid": {
            "value": "GEN-UNIQUE-32"
        },
        "instanceCount": {
            "value": 2
        },
        "timestamp": {
            "value": "MM/dd/yyyy H:mm:ss tt"
        }
    }
}
