{
	"$schema": "http://schema.management.azure.com/schemas/2015-01-01/deploymentParameters.json#",
	"contentVersion": "1.0.0.0",
	"parameters": {
		"vmSSName": {
			"value": "changeme"
		},
		"instanceCount": {
			"value": 2
		},
		"vmSize": {
			"value": "Standard_D1"
		},
		"dnsNamePrefix": {
			"value": "changeme"
		},
		"adminUsername": {
			"value": "changeme"
		},
		"adminPassword": {
			"value": "changeme"
		},
		"location": {
			"value": "changeme"
		},
		"sourceImageVhdUri": {
			"value": "changeme"
		},
		"frontEndLBPort": {
			"value": 80
		},
		"backEndLBPort": {
			"value": 80
		},
		"probeIntervalInSeconds": {
			"value": 15
		},
		"numberOfProbes": {
			"value": 5
		},
		"probeRequestPath": {
			"value": "/iisstart.htm"
		}
	}
}